"Commune / secteur","Église ou chapelle catholique","Localisation","Construction / date connue","Fait historique ou d’actualité","source / site web"
"Bélep","Église de Bélep","Waala","—","L'église diocésaine répertorie Bélep parmi ses communautés catholiques ; édifice inventorié à Waala.","https://clochers.org/Base_de_donnees_consultation/ListesDep_Intentions/Intentions_988.htm ; https://diocese.ddec.nc/Sommaire.htm"
"Boulouparis","Église Sainte-Anne","Bourg de Boulouparis","—","Église catholique principale répertoriée dans le bourg.","https://fr.wikipedia.org/wiki/Liste_des_%C3%A9glises_de_la_Nouvelle-Cal%C3%A9donie"
"Boulouparis","Chapelle Sainte-Thérèse-de-l'Enfant-Jésus","Tomo","—","Édifice également répertorié sous le nom de chapelle Sainte-Thérèse de Tomo.","https://fr.wikipedia.org/wiki/Liste_des_%C3%A9glises_de_la_Nouvelle-Cal%C3%A9donie"
"Boulouparis","Chapelle Saint-Joseph","Ouinané-Nétéa","—","Signalée dans l'inventaire territorial de Clochers.org.","https://clochers.org/Base_de_donnees_consultation/ListesDep_Intentions/Intentions_988.htm"
"Boulouparis","Chapelle du Sacré-Cœur","Ouitchambo / Nassirah / Kouergoa","—","Dessert les tribus de ce secteur.","https://clochers.org/Base_de_donnees_consultation/ListesDep_Intentions/Intentions_988.htm"
"Boulouparis","Chapelle Notre-Dame-de-Lourdes","Commune de Boulouparis","—","Signalée dans l'inventaire des édifices à documenter.","https://clochers.org/Base_de_donnees_consultation/ListesDep_Intentions/Intentions_988.htm"
"Bourail","Église du Sacré-Cœur","Bourg de Bourail","—","Église paroissiale ; la messe dominicale y est célébrée et la paroisse dessert aussi Ouaoué et Gouaro.","https://diocese.ddec.nc/paroisses/bourail.htm"
"Bourail","Église Saint-Pierre-Chanel","Azareu","—","Azareu est également identifié par le diocèse comme implantation catholique.","https://clochers.org/Base_de_donnees_consultation/ListesDep_Intentions/Intentions_988.htm ; https://diocese.ddec.nc/Sommaire.htm"
"Bourail","Chapelle de Néméara","Néméara","—","Chapelle recensée dans les deux inventaires consultés.","https://fr.wikipedia.org/wiki/Liste_des_%C3%A9glises_de_la_Nouvelle-Cal%C3%A9donie ; https://clochers.org/Base_de_donnees_consultation/ListesDep_Intentions/Intentions_988.htm"
"Bourail","Chapelle de Borégaou","Borégaou","—","Signalée par l'inventaire Clochers ; localisation précise encore à documenter.","https://clochers.org/Base_de_donnees_consultation/ListesDep_Intentions/Intentions_988.htm"
"Canala","Église Sainte-Thérèse / église de Canala","Mission Sainte-Marie, Canala","Bénie en 2002 (nouvelle église)","L'ancienne église ayant vieilli, un nouvel édifice a été construit ; bénédiction lors de l'Assomption le 15 août 2002.","https://diocese.ddec.nc/paroisses/canala.htm"
"Canala","Église Saint-Pierre-et-Saint-Paul","Nakéty","1883","Le diocèse donne explicitement 1883 pour l'église de Nakéty. La mission y a célébré son 150e anniversaire en 2016.","https://diocese.ddec.nc/paroisses/canala.htm"
"Canala","Chapelle de Nakéty","Nakéty","—","Une autre chapelle de Nakéty figure dans l'inventaire national des édifices.","https://fr.wikipedia.org/wiki/Liste_des_%C3%A9glises_de_la_Nouvelle-Cal%C3%A9donie"
"Dumbéa","Église du Sacré-Cœur","Auteuil","—","Église catholique d'Auteuil, rattachée au réseau paroissial du diocèse.","https://clochers.org/Base_de_donnees_consultation/ListesDep_Intentions/Intentions_988.htm ; https://diocese.ddec.nc/Sommaire.htm"
"Dumbéa","Église Saint-Pierre-Chanel","Dumbéa","—","Édifice recensé à Dumbéa.","https://clochers.org/Base_de_donnees_consultation/ListesDep_Intentions/Intentions_988.htm"
"Dumbéa","Chapelle de Dumbéa-sur-Mer","Apogoti","2019 (implantation bénie)","Le diocèse mentionne la bénédiction d'Apogoti le 30 mai 2019.","https://clochers.org/Base_de_donnees_consultation/ListesDep_Intentions/Intentions_988.htm ; https://diocese.ddec.nc/Sommaire.htm"
"Farino","Chapelle Saint-Padre-Pio","Farino","—","Petite chapelle dédiée à Padre Pio, canonisé en 2002 ; elle est signalée ouverte toute l'année en 2026.","https://www.nouvellecaledonie.travel/offres/chapelle-saint-padre-pio-de-farino-farino-fr-5899756/"
"Farino","Chapelle Notre-Dame-de-la-Paix","Farino","—","Répertoriée dans l'inventaire des édifices catholiques.","https://fr.wikipedia.org/wiki/Liste_des_%C3%A9glises_de_la_Nouvelle-Cal%C3%A9donie"
"Hienghène","Église Saint-Pierre","Mission de Ouaré","—","Signalée par l'inventaire territorial.","https://clochers.org/Base_de_donnees_consultation/ListesDep_Intentions/Intentions_988.htm"
"Hienghène","Église de Tiendanite","Tiendanite","—","Église catholique répertoriée dans l'inventaire national.","https://fr.wikipedia.org/wiki/Liste_des_%C3%A9glises_de_la_Nouvelle-Cal%C3%A9donie"
"Hienghène","Église de Werap","Werap","—","Édifice catholique inventorié.","https://fr.wikipedia.org/wiki/Liste_des_%C3%A9glises_de_la_Nouvelle-Cal%C3%A9donie"
"Hienghène","Chapelle de Ganem","Ganem","—","Chapelle recensée mais encore indiquée « à géolocaliser » dans l'inventaire.","https://fr.wikipedia.org/wiki/Liste_des_%C3%A9glises_de_la_Nouvelle-Cal%C3%A9donie"
"Hienghène","Chapelle de Linderalique","Linderalique","—","Même situation : édifice identifié mais localisation exacte à compléter.","https://fr.wikipedia.org/wiki/Liste_des_%C3%A9glises_de_la_Nouvelle-Cal%C3%A9donie"
"Houaïlou","Église Saint-Laurent de Nindhia","Nindhia","Mission fondée en 1907","La paroisse Houaïlou-Nindhia est dédiée à saint Laurent et fondée en 1907.","https://diocese.ddec.nc/paroisses/nindhia.htm"
"Houaïlou","Chapelle de Néouyo","Néouyo","—","Répertoriée parmi les chapelles catholiques.","https://fr.wikipedia.org/wiki/Liste_des_%C3%A9glises_de_la_Nouvelle-Cal%C3%A9donie"
"Île des Pins","Église Notre-Dame-de-l'Assomption","Vao","1860","Première église en pierre de l'île, bénie le 5 août 1860 ; elle constitue l'un des grands monuments religieux de Kunié.","Source originale non récupérée (référence Vao) ; source complémentaire : https://www.petitfute.com/v52554-vao-98809/c1173-visites-points-d-interet/c925-edifice-religieux/c927-eglise-cathedrale-basilique-chapelle/275247-mission-de-vao.html ; Source originale non récupérée (date de bénédiction de Vao)"
"Île des Pins","Chapelle de Vao","Colline derrière l'église, Vao","—","Chapelle située sur la hauteur derrière Notre-Dame-de-l'Assomption.","https://fr.wikipedia.org/wiki/Liste_des_%C3%A9glises_de_la_Nouvelle-Cal%C3%A9donie"
"Île des Pins","Chapelle de la Divine Providence","Touété, secteur de la grotte de la Reine Hortense","—","Signalée dans l'inventaire territorial.","https://clochers.org/Base_de_donnees_consultation/ListesDep_Intentions/Intentions_988.htm"
"Île des Pins","Chapelle Notre-Dame-de-la-Salette","Île des Pins","—","Chapelle répertoriée aux coordonnées 22.6693° S, 167.4869° E.","https://clochers.org/Base_de_donnees_consultation/ListesDep_Intentions/Intentions_988.htm"
"Kaala-Gomen","Église Sainte-Thérèse","Kaala-Gomen","—","Église catholique recensée dans l'inventaire de terrain.","https://clochers.org/Base_de_donnees_consultation/ListesDep_Intentions/Intentions_988.htm"
"Koné","Église Notre-Dame-de-l'Assomption","Bourg de Koné","1954","La paroisse catholique du village existe depuis 1891 ; l'actuelle église paroissiale a été construite en 1954.","https://fr.wikipedia.org/wiki/Kon%C3%A9_%28Nouvelle-Cal%C3%A9donie%29"
"Koné","Église Saint-Louis-de-Gonzague","Tiaoué","—","Église catholique de Tiaoué répertoriée dans l'inventaire national.","https://fr.wikipedia.org/wiki/Liste_des_%C3%A9glises_de_la_Nouvelle-Cal%C3%A9donie"
"Kouaoua","Chapelle d'Ouerou-Pimet","Tribu Ouerou-Pimet","—","Chapelle de tribu signalée par l'inventaire Clochers.","https://clochers.org/Base_de_donnees_consultation/ListesDep_Intentions/Intentions_988.htm"
"Kouaoua","Chapelle de Koh","Tribu de Koh","—","Également signalée ; documentation publique très limitée.","https://clochers.org/Base_de_donnees_consultation/ListesDep_Intentions/Intentions_988.htm"
"Koumac","Église Sainte-Jeanne-d'Arc","Koumac","Paroisse fondée en 1939","Église paroissiale de Koumac ; le diocèse indique la fondation de la paroisse en 1939.","https://diocese.ddec.nc/paroisses/koumac.htm"
"Koumac / extrême Nord","Chapelle Saint-Joseph","Arama","Mission depuis 1860","Les missionnaires Gillibert et Gagnière débarquent à Arama le 21 septembre 1860 ; le 150e anniversaire a été célébré en 2010 après rénovation de la chapelle.","https://diocese.ddec.nc/paroisses/koumac.htm"
"Koumac","Chapelle Notre-Dame de Tiébaghi","Ancien village de Tiébaghi","—","Chapelle catholique du secteur minier historique de Tiébaghi.","https://fr.wikipedia.org/wiki/Liste_des_%C3%A9glises_de_la_Nouvelle-Cal%C3%A9donie"
"La Foa","Église Saint-Vincent-de-Paul","Rue du RP Jan, La Foa","1932","Inaugurée le 4 septembre 1932 devant une foule considérable ; le Père Jan annonçait dès 1930 qu'elle serait « la plus belle église » du territoire.","https://www.nouvellecaledonie.travel/offres/eglise-saint-vincent-de-paul-la-foa-fr-3915346/"
"Le Mont-Dore","Église de la Conception","La Conception","Mission fondée en 1855","Importante rénovation 2007-2009 ; réouverture solennelle au culte le 1er août 2009.","https://diocese.ddec.nc/paroisses/conception.htm"
"Le Mont-Dore","Église Sainte-Cécile","Saint-Louis","Mission fondée en 1856","La mission de Saint-Louis est l'une des plus anciennes du territoire.","https://diocese.ddec.nc/paroisses/st_louis.htm ; https://fr.wikipedia.org/wiki/Liste_des_%C3%A9glises_de_la_Nouvelle-Cal%C3%A9donie"
"Le Mont-Dore","Église Sainte-Thérèse","Mont-Dore / Vallon-Dore","2006","Construction documentée en juin 2006 ; cloche bénie le 18 août et église bénie le 24 septembre 2006.","https://diocese.ddec.nc/paroisses/st_louis.htm"
"Le Mont-Dore","Chapelle Sainte-Thérèse","Robinson","—","Construite grâce notamment aux paroissiens wallisiens et futuniens ; des messes y sont toujours célébrées le dimanche.","https://www.nouvellecaledonie.travel/offres/chapelle-sainte-therese-de-robinson-mont-dore-fr-5899608/"
"Le Mont-Dore","Chapelle Notre-Dame-de-la-Paix","La Coulée","2004","Bénie en 2004 ; sa cloche « Gabriel » a été bénie en mai 2008.","https://diocese.ddec.nc/paroisses/st_louis.htm"
"Le Mont-Dore","Chapelle Sainte-Jeanne-d'Arc","Plum, rue Luc-Wadé","—","Connue comme la « chapelle américaine » de Plum.","https://clochers.org/Base_de_donnees_consultation/ListesDep_Intentions/Intentions_988.htm"
"Le Mont-Dore / Yaté","Église d'Ouara","Île Ouen","1864","Deuxième église de Nouvelle-Calédonie construite « en dur », après Vao ; édifice patrimonial classé.","https://www.sudtourisme.nc/app/uploads/nc-sud-tourism/2020/06/brochure-grand-sud-2019.pdf"
"Lifou","Église Saint-François-Xavier","Easo/Eacho","Mission fondée en 1858","Construite sur le site de la première mission catholique de Lifou, établie par les PP. Montrouzier et Palazy.","https://www.nouvellecaledonie.travel/offres/eglise-saint-francois-xavier-lifou-fr-3915266/ ; https://diocese.ddec.nc/paroisses/lifou.htm"
"Lifou","Église Saint-Jean-Baptiste","Nathalo","Mission fondée en 1858","Centre d'importantes célébrations du 150e anniversaire de l'arrivée de la mission catholique en 2008.","https://diocese.ddec.nc/paroisses/lifou.htm"
"Lifou","Église Notre-Dame-de-l'Assomption","Drueulu / Dueulu","—","Toujours signalée par le diocèse comme lieu d'office dominical.","https://diocese.ddec.nc/paroisses/lifou.htm"
"Lifou","Église / chapelle du Sacré-Cœur","Qanono / Wé","1896-1899","Construite en pierre par Wenatr Wenemechingo, dit « Frère César » ; centre du pèlerinage annuel du Sacré-Cœur.","https://www.nouvellecaledonie.travel/offres/eglise-du-sacre-coeur-de-we-lifou-fr-5899920/"
"Lifou","Chapelle Sainte-Anne","Inagod/Inagoj","1866 selon les sources historiques","Église catholique de la tribu d'Inagod ; l'ancienne mission est documentée dès le XIXe siècle.","https://fr.wikipedia.org/wiki/Chapelle_Sainte-Anne_d%27Inagoj ; https://en.wikipedia.org/wiki/St._Anne_Chapel%2C_Inagoj"
"Lifou","Chapelle Notre-Dame-de-Lourdes","secteur d'Easo","—","Répertoriée dans l'inventaire national.","https://fr.wikipedia.org/wiki/Liste_des_%C3%A9glises_de_la_Nouvelle-Cal%C3%A9donie"
"Maré","Église Notre-Dame-de-la-Visitation","La Roche","—","Principal édifice catholique répertorié à La Roche.","https://fr.wikipedia.org/wiki/Liste_des_%C3%A9glises_de_la_Nouvelle-Cal%C3%A9donie"
"Maré","Église du Sacré-Cœur","Medu","—","Église catholique signalée à Medu.","https://clochers.org/Base_de_donnees_consultation/ListesDep_Intentions/Intentions_988.htm"
"Maré","Chapelle Saint-Joseph","Tawainèdre","—","Chapelle de tribu répertoriée par l'inventaire de terrain.","https://clochers.org/Base_de_donnees_consultation/ListesDep_Intentions/Intentions_988.htm"
"Maré","Église de Tadine","Tadine","—","La communauté catholique de Tadine a célébré son centenaire en décembre 2022.","https://diocese.ddec.nc/Sommaire.htm"
"Moindou","Église de Moindou","Moindou","—","Édifice catholique répertorié dans l'inventaire national.","https://fr.wikipedia.org/wiki/Liste_des_%C3%A9glises_de_la_Nouvelle-Cal%C3%A9donie"
"Nouméa","Cathédrale Saint-Joseph","3 rue Frédéric-Surleau","Paroisse fondée en 1885","Siège catholique de Nouméa ; en juin 2026, la cathédrale a accueilli l'ouverture du jubilé du 60e anniversaire du diocèse.","https://diocese.ddec.nc/paroisses/cathedrale.htm ; https://diocese.ddec.nc/Sommaire.htm"
"Nouméa","Église Saint-Jean-Baptiste","11 rue du Père-Roman, Vallée des Colons","Paroisse fondée en 1903","Une des paroisses historiques de Nouméa.","https://diocese.ddec.nc/paroisses/st_jean_vdc.htm"
"Nouméa","Église Sainte-Anne","Magenta","—","Rattachée au même ensemble pastoral que Saint-Jean-Baptiste et l'Espérance.","https://diocese.ddec.nc/paroisses/st_jean_vdc.htm ; https://fr.wikipedia.org/wiki/Liste_des_%C3%A9glises_de_la_Nouvelle-Cal%C3%A9donie"
"Nouméa","Église de l'Espérance","Magenta","—","Le diocèse la mentionne explicitement comme l'une des églises du secteur Saint-Jean-Baptiste.","https://diocese.ddec.nc/paroisses/st_jean_vdc.htm"
"Nouméa","Église du Bon-Pasteur","Vallée du Tir","—","Édifice paroissial recensé par le diocèse et l'inventaire patrimonial.","https://diocese.ddec.nc/Sommaire.htm ; https://fr.wikipedia.org/wiki/Liste_des_%C3%A9glises_de_la_Nouvelle-Cal%C3%A9donie"
"Nouméa","Église du Vœu","secteur du Vœu","—","Église catholique reconnue comme implantation propre par le diocèse.","https://diocese.ddec.nc/Sommaire.htm ; https://fr.wikipedia.org/wiki/Liste_des_%C3%A9glises_de_la_Nouvelle-Cal%C3%A9donie"
"Nouméa","Église Notre-Dame-de-Lourdes","Tina-sur-Mer","2007-2008","Première pierre bénie le 28 avril 2007 ; église bénie le 26 juillet 2008.","https://diocese.ddec.nc/paroisses/Lourdes-Tina.htm"
"Nouméa","Église Mémorial","Rivière-Salée","—","Centre paroissial du secteur Rivière-Salée, répertorié séparément par le diocèse.","https://diocese.ddec.nc/Sommaire.htm"
"Nouméa","Église Saint-Michel","Montravel","—","Répertoriée dans l'inventaire des églises catholiques.","https://fr.wikipedia.org/wiki/Liste_des_%C3%A9glises_de_la_Nouvelle-Cal%C3%A9donie"
"Nouméa","Église / chapelle du Christ-Roi","Communauté vietnamienne","Communauté établie vers 1955","Le 50e anniversaire de la communauté vietnamienne du Christ-Roi a été célébré en 2005.","https://diocese.ddec.nc/paroisses/50eme_Xst_Roi.htm"
"Nouméa","Église de l'Immaculée-Conception","secteur Nouméa","—","Répertoriée dans l'inventaire de terrain.","https://clochers.org/Base_de_donnees_consultation/ListesDep_Intentions/Intentions_988.htm"
"Nouméa","Chapelle de la Sainte-Famille","Yahoué","—","Chapelle catholique recensée à Yahoué.","https://clochers.org/Base_de_donnees_consultation/ListesDep_Intentions/Intentions_988.htm"
"Nouméa","Chapelle Saint-Pierre-Chanel","Ducos, rue de Papeete","—","Signalée par l'inventaire de terrain.","https://clochers.org/Base_de_donnees_consultation/ListesDep_Intentions/Intentions_988.htm"
"Nouméa","Chapelle Notre-Dame-Mère-de-la-Paix","Logicoop","—","Chapelle catholique de Logicoop.","https://clochers.org/Base_de_donnees_consultation/ListesDep_Intentions/Intentions_988.htm"
"Nouméa","Chapelle Sainte-Famille N'Du","Ducos / N'Du","—","Chapelle recensée à N'Du.","https://clochers.org/Base_de_donnees_consultation/ListesDep_Intentions/Intentions_988.htm"
"Nouméa","Chapelle de Kuendu Beach","Nouville / Kuendu","—","Répertoriée dans l'inventaire des édifices catholiques.","https://fr.wikipedia.org/wiki/Liste_des_%C3%A9glises_de_la_Nouvelle-Cal%C3%A9donie"
"Nouméa","Chapelle Saint-Thomas","Île Nou / Nouville","époque pénitentiaire","Ancienne chapelle liée au bagne de l'île Nou.","https://clochers.org/Base_de_donnees_consultation/ListesDep_Intentions/Intentions_988.htm"
"Nouméa","Ancienne chapelle Saint-Thomas","Centre Raoul-Follereau","—","Signalée comme ancienne chapelle à l'abandon dans l'inventaire 2025.","https://clochers.org/Base_de_donnees_consultation/ListesDep_Intentions/Intentions_988.htm"
"Nouméa","Chapelle Saint-Michel","Camp-Est, île Nou","—","Chapelle d'aumônerie pénitentiaire signalée dans l'inventaire.","https://clochers.org/Base_de_donnees_consultation/ListesDep_Intentions/Intentions_988.htm"
"Ouégoa","Église de la Sainte-Famille","Ouégoa","—","Église catholique répertoriée dans l'inventaire national.","https://fr.wikipedia.org/wiki/Liste_des_%C3%A9glises_de_la_Nouvelle-Cal%C3%A9donie"
"Ouégoa","Église de Bondé","Bondé","Mission fondée en 1862","Le 150e anniversaire de la mission a été célébré en mai 2013 ; l'église avait alors été rénovée.","https://diocese.ddec.nc/paroisses/bonde.htm"
"Ouvéa","Église Saint-Joseph","nord d'Ouvéa","Paroisse fondée en 1857","L'une des trois grandes communautés paroissiales catholiques de l'île.","https://diocese.ddec.nc/paroisses/ouvea.htm"
"Ouvéa","Église Saint-Michel","Fayaoué","1903","Église aux deux clochers rouges ; toujours connue pour sa grande messe dominicale et ses chants.","https://www.nouvellecaledonie.travel/offres/eglise-saint-michel-ouvea-fr-3915867/"
"Ouvéa","Église du Saint-Nom-de-Marie","Mouli","—","En juillet 2022, toutes les communautés catholiques d'Ouvéa s'y sont réunies pour des confirmations ; la foule était trop importante pour tenir dans l'église.","https://diocese.ddec.nc/paroisses/ouvea.htm"
"Païta","Église du Sacré-Cœur","Bourg de Païta","Paroisse fondée en 1875","Église paroissiale historique ; en 2013 la paroisse a participé à l'installation du Christ Rédempteur du mont Vive'te.","https://diocese.ddec.nc/paroisses/paita.htm"
"Païta","Église Saint-Michel","Tontouta","—","Édifice catholique répertorié à Tontouta.","https://fr.wikipedia.org/wiki/Liste_des_%C3%A9glises_de_la_Nouvelle-Cal%C3%A9donie"
"Païta","Chapelle Saint-Joseph","Païta","—","Chapelle recensée dans l'inventaire territorial.","https://clochers.org/Base_de_donnees_consultation/ListesDep_Intentions/Intentions_988.htm"
"Païta","Chapelle de Naniouni","Naniouni","2018","L'inventaire la désigne explicitement comme « chapelle 2018 ».","https://clochers.org/Base_de_donnees_consultation/ListesDep_Intentions/Intentions_988.htm"
"Païta","Chapelle du séminaire Saint-Léon","Saint-Léon","—","Chapelle du site catholique de formation de Saint-Léon.","https://clochers.org/Base_de_donnees_consultation/ListesDep_Intentions/Intentions_988.htm"
"Poindimié","Église du Sacré-Cœur","Tyé","—","Église catholique de Tyé, répertoriée dans l'inventaire national.","https://fr.wikipedia.org/wiki/Liste_des_%C3%A9glises_de_la_Nouvelle-Cal%C3%A9donie"
"Poindimié","Chapelle de Wagap","Wagap","—","Chapelle catholique inventoriée.","https://fr.wikipedia.org/wiki/Liste_des_%C3%A9glises_de_la_Nouvelle-Cal%C3%A9donie"
"Poindimié","Chapelle Sainte-Thérèse","Amoa","2007","L'inventaire de terrain indique explicitement « Sainte-Thérèse 2007 ».","https://clochers.org/Base_de_donnees_consultation/ListesDep_Intentions/Intentions_988.htm"
"Poindimié","Chapelle Saint-Pierre","Ometteux","—","Chapelle recensée à Ometteux.","https://clochers.org/Base_de_donnees_consultation/ListesDep_Intentions/Intentions_988.htm"
"Poindimié","Église Saint-Paul","Paabu / Pambou","—","Église catholique recensée dans ce secteur.","https://clochers.org/Base_de_donnees_consultation/ListesDep_Intentions/Intentions_988.htm"
"Ponérihouen","Église catholique","Ponérihouen","—","Édifice identifié par l'inventaire de terrain, mais dédicace non précisée.","https://clochers.org/Base_de_donnees_consultation/ListesDep_Intentions/Intentions_988.htm"
"Pouébo","Église Saint-Austremoine","Pouébo","—","Église paroissiale répertoriée à Pouébo.","https://fr.wikipedia.org/wiki/Liste_des_%C3%A9glises_de_la_Nouvelle-Cal%C3%A9donie"
"Pouébo","Église Saint-Denis","Balade","XIXe siècle / mission primitive","Balade est le lieu d'implantation de la première mission catholique de Nouvelle-Calédonie ; le site est également associé à la prise de possession française de 1853.","https://www.nouvellecaledonie.travel/offres/eglise-de-saint-denis-pouebo-fr-3914523/"
"Pouembout","Chapelle Sainte-Jeanne-d'Arc","Paouta","—","Chapelle recensée par l'inventaire territorial.","https://clochers.org/Base_de_donnees_consultation/ListesDep_Intentions/Intentions_988.htm"
"Poum","Église / chapelle Saint-Joseph d'Arama","Arama","Mission 1860","Arrivée des missionnaires le 21 septembre 1860 ; jubilé des 150 ans en 2010.","https://diocese.ddec.nc/paroisses/koumac.htm ; https://fr.wikipedia.org/wiki/Liste_des_%C3%A9glises_de_la_Nouvelle-Cal%C3%A9donie"
"Poya","Église Sainte-Jeanne-d'Arc","Poya","—","Église principale de Poya recensée par le diocèse.","https://diocese.ddec.nc/paroisses/poya.htm ; https://clochers.org/Base_de_donnees_consultation/ListesDep_Intentions/Intentions_988.htm"
"Poya","Église Sainte-Thérèse","Nékliaï","—","Nékliaï donne son nom à l'ensemble paroissial Nékliaï-Poya-Népoui.","https://diocese.ddec.nc/paroisses/poya.htm ; https://clochers.org/Base_de_donnees_consultation/ListesDep_Intentions/Intentions_988.htm"
"Poya","Chapelle Saint-Pierre-Chanel","Népoui","—","Le diocèse y signale encore une messe dominicale.","https://diocese.ddec.nc/paroisses/poya.htm"
"Poya","Chapelle de Gohapin","Gohapin","—","Répertoriée dans l'inventaire national.","https://fr.wikipedia.org/wiki/Liste_des_%C3%A9glises_de_la_Nouvelle-Cal%C3%A9donie"
"Sarraméa","Chapelle de Sarraméa","Sarraméa","—","Chapelle catholique identifiée, mais documentation publique limitée.","https://fr.wikipedia.org/wiki/Liste_des_%C3%A9glises_de_la_Nouvelle-Cal%C3%A9donie"
"Thio","Église Saint-François-de-Sales","Thio-Mission","Mission fondée en 1868","En 2004, une soixantaine de jeunes y ont été confirmés et deux nouveaux catéchistes institués.","https://diocese.ddec.nc/paroisses/thio.htm"
"Thio","Chapelle de Thio-Village","Village de Thio","—","Chapelle distincte de l'église de la Mission.","https://clochers.org/Base_de_donnees_consultation/ListesDep_Intentions/Intentions_988.htm"
"Thio","Église de Nakéty","secteur Nakéty","—","Édifice supplémentaire répertorié administrativement sous la commune de Thio.","https://fr.wikipedia.org/wiki/Liste_des_%C3%A9glises_de_la_Nouvelle-Cal%C3%A9donie"
"Touho","Église du Saint-Nom-de-Marie","Touho","Mission fondée en 1853","Une des implantations catholiques les plus anciennes du territoire.","https://diocese.ddec.nc/paroisses/touho.htm"
"Touho","Chapelle Sainte-Anne","Congouma","reconstruite/rénovée 2024-2025","Incendiée en 2024 ; l'alerte donnée par le pasteur protestant voisin a permis de sauver le gros œuvre. La communauté l'a remise à neuf et y a de nouveau célébré Sainte-Anne en 2025.","https://diocese.ddec.nc/paroisses/touho.htm"
"Touho","Église de Koé","Koé","—","Église catholique répertoriée dans l'inventaire national.","https://fr.wikipedia.org/wiki/Liste_des_%C3%A9glises_de_la_Nouvelle-Cal%C3%A9donie"
"Touho","Église de Vieux-Touho","Vieux-Touho","—","Autre édifice catholique historique recensé sur la commune.","https://fr.wikipedia.org/wiki/Liste_des_%C3%A9glises_de_la_Nouvelle-Cal%C3%A9donie"
"Voh","Église Sainte-Marguerite-Marie","Voh","—","Église catholique répertoriée dans l'inventaire national.","https://fr.wikipedia.org/wiki/Liste_des_%C3%A9glises_de_la_Nouvelle-Cal%C3%A9donie"
"Yaté","Église de la Nativité-de-Marie","Touaourou","Mission fondée en 1888","Le diocèse identifie Touaourou comme paroisse et y maintient un office dominical.","https://diocese.ddec.nc/paroisses/yate.htm ; https://fr.wikipedia.org/wiki/Liste_des_%C3%A9glises_de_la_Nouvelle-Cal%C3%A9donie"
"Yaté","Église du Sacré-Cœur","Tribu d'Unia","—","Le diocèse indique une messe dominicale à Unia.","https://diocese.ddec.nc/paroisses/yate.htm"
"Yaté","Chapelle de Goro","Goro","—","Une messe y est également signalée le samedi soir par le diocèse.","https://diocese.ddec.nc/paroisses/yate.htm"
