"date";"evenement";"lien_source";"type_source";"niveau_confiance";"notes"
"1812";"La congrégation prend officiellement le nom de Sœurs de Saint-Joseph de Cluny à Cluny.";"Diocèse, historique de la congrégation — URL absente de la conversation récupérée";"Institutionnelle";"Rapporté — non revérifié";"Contexte de la congrégation, pas création de l’école."
"1860-08-26";"Quatre Sœurs de Saint-Joseph de Cluny arrivent à Port-de-France pour travailler à l’hôpital militaire, puis enseignent.";"Historiques de la congrégation cités — URL absente de la conversation récupérée";"Institutionnelle";"Rapporté — non revérifié";"Port-de-France deviendra Nouméa."
"1864";"Ouverture à Nouméa d’une première école communale confiée aux Sœurs de Cluny.";"Historique cité — URL absente de la conversation récupérée";"Institutionnelle";"Rapporté — non revérifié";"Ne désigne pas l’école Anne-Marie Javouhey."
"1926";"Le père Mulsant construit une première chapelle du Bon-Pasteur à la 2e Vallée-du-Tir.";"Ville de Nouméa / Musée de la Ville — URL absente de la conversation récupérée";"Institutionnelle";"Rapporté — non revérifié";""
"1928-01-10";"Début régulier des messes dominicales, célébrées d’abord par le père Bussy, puis par le père Bichon.";"Ville de Nouméa / Musée de la Ville — URL absente de la conversation récupérée";"Institutionnelle";"Rapporté — non revérifié";""
"1943";"Le père Bichon cherche à acquérir un terrain pour développer l’ensemble paroissial.";"Documents de la Ville de Nouméa — URL absente de la conversation récupérée";"Institutionnelle";"Rapporté — non revérifié";""
"vers 1945";"Photographies de l’église du Bon-Pasteur mentionnées dans une brochure patrimoniale.";"Ville de Nouméa, collections Vautrin et archevêché — URL absente de la conversation récupérée";"Photographique";"Rapporté — non revérifié";"Datation rapportée. Identification avec le bâtiment scolaire de 1961 non établie."
"1947";"La municipalité accorde au père Bichon une partie du terrain.";"Documents de la Ville de Nouméa — URL absente de la conversation récupérée";"Institutionnelle";"Rapporté — non revérifié";""
"1948-03-30";"Consécration d’une nouvelle église du Bon-Pasteur après les dommages ou la destruction de la première chapelle par un cyclone.";"Ville de Nouméa / Musée de la Ville — URL absente de la conversation récupérée";"Institutionnelle";"Rapporté — non revérifié";"Date du cyclone non précisée."
"1949";"Nouvelle attribution municipale de terrain à l’ensemble paroissial.";"Documents de la Ville de Nouméa — URL absente de la conversation récupérée";"Institutionnelle";"Rapporté — non revérifié";""
"début des années 1950";"Travaux de terrassement de l’ensemble paroissial documentés.";"Documents de la Ville de Nouméa — URL absente de la conversation récupérée";"Institutionnelle";"Rapporté — non revérifié";""
"1955-12-14";"Permis de construire délivré pour un presbytère, une salle paroissiale et un préau.";"Documents de la Ville de Nouméa — URL absente de la conversation récupérée";"Institutionnelle";"Rapporté — non revérifié";"Ne constitue pas un permis de construire identifié pour l’école."
"1961";"Ouverture de l’école Anne-Marie Javouhey dans une ancienne église désaffectée, à la demande du père Bichon, curé du Bon-Pasteur.";"DDEC / diocèse — URL absente de la conversation récupérée";"Institutionnelle";"Rapporté — non revérifié";"Fondation historique. Plus de 100 élèves dès le début. Ce n’est pas une date établie de construction."
"après 1961 ; années 1960 envisagées";"Construction ou aménagement de locaux neufs accueillant le primaire, un cours commercial, des classes de certificat d’études et un CPV pour les filles.";"DDEC ; rapprochement avec les classes commerciales de 1967 — URL absente de la conversation récupérée";"Institutionnelle et déduction";"Partiellement établi dans la conversation";"Les locaux neufs sont rapportés. La datation dans les années 1960, notamment au plus tard en 1967, reste une hypothèse : des locaux transitoires sont possibles."
"1967";"Présence de classes commerciales à Anne-Marie Javouhey.";"Sources sur l’enseignement commercial citées, références bibliographiques non précisées — URL absente de la conversation récupérée";"Institutionnelle";"Rapporté — non revérifié";"La première réponse parle d’ouverture des classes, la seconde de présence attestée. Ne prouve pas la date de construction."
"années 1970";"L’école dépasse 650 élèves.";"DDEC / diocèse — URL absente de la conversation récupérée";"Institutionnelle";"Rapporté — non revérifié";"Période approximative, sans année précise."
"1972-08-17";"Date d’ouverture administrative indiquée pour l’établissement UAI 9830211M.";"Base de l’Éducation nationale — URL absente de la conversation récupérée";"Administrative";"Rapporté — non revérifié";"À distinguer de la fondation en 1961. La signification réglementaire exacte de cette date n’a pas été retrouvée."
"1973-03-27";"Décision accordant un million de francs au Conseil d’administration de l’enseignement catholique pour l’enseignement ménager ; Anne Marie Javouhey est citée parmi les centres bénéficiaires.";"JONC du 6 avril 1973 — URL absente de la conversation récupérée";"Officielle";"Rapporté — non revérifié";"Montant global de la décision, pas une somme attribuée intégralement à cette seule école."
"1973-04-06";"Publication de la décision du 27 mars 1973 concernant l’enseignement ménager.";"Journal officiel de la Nouvelle-Calédonie — URL absente de la conversation récupérée";"Officielle";"Rapporté — non revérifié";""
"1976-08-25";"Déclaration de l’Association des parents d’élèves des écoles Anne-Marie Javouhey et Bon Pasteur, dont le siège est à l’école Anne-Marie Javouhey.";"JONC du 3 septembre 1976 — URL absente de la conversation récupérée";"Officielle";"Rapporté — non revérifié";"Date de déclaration, pas nécessairement date de constitution."
"1976-09-03";"Publication de la déclaration de l’association de parents et de son premier comité.";"Journal officiel de la Nouvelle-Calédonie — URL absente de la conversation récupérée";"Officielle";"Rapporté — non revérifié";"Composition conservée dans le CSV complémentaire."
"vers 1989";"Début estimé de la direction de Marie-Chanel Ukajo pour Anne-Marie-Javouhey et Bon-Pasteur.";"Les Nouvelles Calédoniennes, départ en 2014 — URL absente de la conversation récupérée";"Presse et déduction";"Estimé";"Estimation de la conversation à partir de 26 ans de direction. Date exacte à vérifier ; le simple calcul 2014 − 26 donne 1988, selon le décompte des années scolaires."
"2004";"Marie-Chanel Ukajo est citée comme directrice des deux écoles.";"Les Nouvelles Calédoniennes — URL absente de la conversation récupérée";"Presse";"Rapporté — non revérifié";""
"2012-09";"Parution d’un article de Sylvette Boubin-Boyer, repris par le texte historique de la DDEC.";"L’Espérance, n° 10, septembre 2012, selon la DDEC — URL absente de la conversation récupérée";"Article historique";"Rapporté — non revérifié";"Piste documentaire à consulter."
"fin 2014";"Départ à la retraite de Marie-Chanel Ukajo après 26 ans à la tête des deux écoles.";"Les Nouvelles Calédoniennes — URL absente de la conversation récupérée";"Presse";"Rapporté — non revérifié";""
"2015-02";"Thérèse Pham, ancienne adjointe, effectue sa première rentrée comme directrice et succède à Marie-Chanel Ukajo.";"Les Nouvelles Calédoniennes, selon la conversation — URL absente de la conversation récupérée";"Presse";"Rapporté — non revérifié";"Écrire à partir de 2015. Maintien en poste jusqu’en 2026 non établi."
"2015";"Décision de retrait définitif de Nouvelle-Calédonie des Sœurs de Saint-Joseph de Cluny.";"Diocèse, historique de la congrégation — URL absente de la conversation récupérée";"Institutionnelle";"Rapporté — non revérifié";"L’école continue dans le réseau de l’enseignement catholique, selon la conversation."
"2023";"Dissolution de l’ancienne association de parents des deux écoles.";"Déclarations officielles citées, référence exacte non fournie — URL absente de la conversation récupérée";"Officielle";"Rapporté — non revérifié";"Date précise non fournie."
"2023-09";"Création / déclaration d’une nouvelle association commune aux écoles Bon Pasteur et Anne-Marie Javouhey.";"Déclaration officielle citée, référence exacte non fournie — URL absente de la conversation récupérée";"Officielle";"Rapporté — non revérifié";"Siège annoncé au 5 rue Febvrier-Despointes. Jour non précisé."
"2026-2027";"Des élèves de l’école sont élus au Conseil municipal junior de Nouméa.";"Ville de Nouméa, Conseil municipal junior — URL absente de la conversation récupérée";"Institutionnelle";"Rapporté — non revérifié";"Mandature citée dans la conversation ; noms des représentants non fournis."
